{
  "version": 1,
  "author": "Subairi",
  "editor": "wokwi",
  "parts": [
    { "type": "wokwi-esp32-devkit-v1", "id": "esp", "top": 0, "left": 0, "attrs": {} },
    { "type": "wokwi-dht22", "id": "dht1", "top": 0.3, "left": -111, "attrs": {} },
    {
      "type": "wokwi-led",
      "id": "led1",
      "top": -3.6,
      "left": 157.8,
      "attrs": { "color": "red", "flip": "1" }
    }
  ],
  "connections": [
    [ "esp:TX0", "$serialMonitor:RX", "", [] ],
    [ "esp:RX0", "$serialMonitor:TX", "", [] ],
    [ "dht1:GND", "esp:GND.2", "black", [ "v0" ] ],
    [ "dht1:VCC", "esp:3V3", "black", [ "v0" ] ],
    [ "dht1:SDA", "esp:D15", "black", [ "v0" ] ],
    [ "led1:A", "esp:D2", "black", [ "v0" ] ],
    [ "led1:C", "esp:GND.1", "black", [ "v0" ] ]
  ],
  "dependencies": {}
}